Region of Citizenship,Name,Net Worth ($M),Rank,Age,Primary Industry
France,Jeann.a.Claude Decaux & family,4.9,216,74,Advertising
France,Elisabeth Badinter,1.1,1075,68,Advertising
USA,Dean White,1.8,719,88,Advertising
China,Liu Yongxing,5.8,173,63,Agriculture
China,Liu Yonghao & family,3.4,330,60,Agriculture
Czech Republic,Andrej Babis,1.4,913,57,Agriculture
Russia,Vadim Moshkovich,1.8,719,44,Agriculture
Ukraine,Yuriy Kosiuk,1.3,960,44,Agriculture
Ukraine,Andrey Verevskiy,1,1153,37,Agriculture
USA,Stewart and Lynda Resnick,2,634,0,Agriculture
USA,Steve Case,1.5,854,53,Internet
China,Gao Dekang & family,1.9,683,60,Retail
China,He Xiangjian,6.2,161,69,Manufacturing
China,Liang Zhaoxian,1,1153,47,Manufacturing
Greece,Philip Niarchos,2.5,491,58,Art
Monaco,David Nahmad & family,3,377,64,Art
Switzerland,Esther Grether & family,2,634,76,Art
England,Nasser Khalili,1,1153,66,Art
Canada,Frank Stronach,1.2,1015,79,Automotive
China,Wang Muqing & family,1.6,804,61,Automotive
China,Li Guoqiang,1,1153,48,Automotive
United Arab Emirates,Abdulla Al Futtaim,1.6,804,0,Automotive
France,Serge Dassault & family,9.9,93,86,Aviation
Brazil,Joseph Safra,13.8,52,73,Banking
Brazil,Aloysio de Andrade Faria,4.2,255,91,Banking
Brazil,Ana Lucia de Mattos Barretto Villela,3.6,304,38,Banking
Brazil,Alfredo Egydio Arruda Villela Filho,3.4,330,42,Banking
Brazil,Andre Esteves,3,377,43,Banking
Brazil,Fernando Roberto Moreira Salles,2.7,442,65,Banking
Brazil,Joao Moreira Salles,2.7,442,50,Banking
Brazil,Pedro Moreira Salles,2.7,442,52,Banking
Brazil,Walther Moreira Salles,2.7,442,55,Banking
Brazil,Moise Safra,2.4,521,77,Banking
Brazil,Maria de Lourdes Egydio Villela,2.2,578,0,Banking
Brazil,Lina Maria Aguiar,1.4,913,0,Banking
Brazil,Julio Bozano,1.3,960,76,Banking
Colombia,Luis Carlos Sarmiento,12.4,64,79,Banking
Czech Republic,Petr Kellner,8.2,110,47,Banking
Greece,Spiro Latsis & family,2.6,464,65,Banking
India,Uday Kotak,4.1,270,53,Banking
Indonesia,R. Budi Hartono,6.5,146,71,Banking
Malaysia,Teh Hong Piow,5,205,82,Banking
Morocco,Othman Benjelloun,2.3,546,79,Banking
Russia,Alexei Ananyev,1.8,719,47,Banking
Russia,Dmitry Ananyev,1.8,719,43,Banking
Russia,Alexander Svetakov,1.7,764,44,Banking
Russia,Roustam Tariko,1.5,854,50,Banking
Russia,Roman Avdeev,1.3,960,44,Banking
Russia,Yuri Kovalchuk,1.2,1015,60,Banking
Saudi Arabia,Sulaiman Al Rajhi & family,5.9,169,92,Banking
Saudi Arabia,Abdullah Al Rajhi,2.2,578,0,Banking
Saudi Arabia,Mohammed Al Rajhi & family,1.5,854,0,Banking
Singapore,Wee Cho Yaw & family,3.8,290,83,Banking
Spain,Emilio Botin,1.1,1075,77,Banking
Turkey,Ferit Faik Sahenk,2.6,464,48,Banking
Turkey,Filiz Sahenk,2.4,521,45,Banking
Turkey,Deniz Sahenk,1.3,960,66,Banking
Turkey,Mehmet Rustu Basaran,1,1153,65,Banking
Ukraine,Ihor Kolomoyskyy,3,377,49,Banking
Ukraine,Henadiy Boholyubov,2.8,418,50,Banking
Ukraine,Kostyantin Zhevago,1.8,719,38,Banking
United Arab Emirates,Abdul Aziz Al Ghurair & family,2.9,401,57,Banking
England,Bruno Schroder & family,3.4,330,79,Banking
England,Nathaniel Rothschild,1,1153,40,Banking
USA,Andrew Beal,7,133,59,Banking
USA,Gerald J. Ford,1.7,764,67,Banking
USA,Norman Braman,1.6,804,79,Banking
Mexico,Roberto Gonzalez Barrera,1.9,683,81,"Banking "
Mexico,Carlos Hank Rhon & family,1.4,913,64,"Banking "
Mexico,Roberto Hernandez Ramirez,1.3,960,70,"Banking "
Mexico,Alfredo Harp Helu & family,1,1153,68,"Banking "
Russia,Sergei Popov,5.7,178,40,"Banking "
Russia,Nikolai Tsvetkov,3,377,51,"Banking "
Russia,Danil Khachaturov,2,634,40,"Banking "
USA,Ty Warner,2.4,521,68,Manufacturing
Austria,Reinold Geiger,1.3,960,64,Beauty Products
France,Alain & Gerard Wertheimer,7.5,122,0,Beauty Products
USA,Richard Schulze,2,634,71,Internet
India,Cyrus Poonawalla,2.9,401,70,Bio Tech
Switzerland,Ernesto Bertarelli & family,10.6,83,46,Bio Tech
Germany,Heinz Hermann Thiele & family,4.4,242,70,Manufacturing
USA,Thomas Siebel,1.8,719,59,Software
USA,James Leprino,2.7,442,74,Food & Drinks
China,Chen Jianhua,2.2,578,41,Chemicals
China,Meng Qingshan & family,1.1,1075,63,Chemicals
Germany,Dieter Schnabel,4.7,223,66,Chemicals
Netherlands,Hans Melchers,1.5,854,73,Chemicals
Russia,Dmitry Rybolovlev,9,100,45,Chemicals
Russia,Vyacheslav Kantor,2.3,546,58,Chemicals
Russia,Dmitry Mazepin,1.7,764,43,Chemicals
Russia,Zelimkhan Mutsoev,1.5,854,52,Chemicals
Russia,Anatoly Lomakin,1.2,1015,59,Chemicals
Russia,Pyotr Kondrashev,1.2,1015,62,Chemicals
England,James Ratcliffe,2.4,521,59,Chemicals
USA,Anita Zucker,1.8,719,60,Chemicals
USA,Alexander Rovt,1.2,1015,59,Chemicals
USA,William Wrigley Jr,2.2,578,48,Food & Drinks
USA,S. Truett Cathy,1.3,960,91,Food & Drinks
Australia,Ivan Glasenberg,7.3,125,55,Commodities
India,Kumar Birla,8,116,44,Commodities
England,Richard Elman & family,2.1,601,72,Commodities
India,Gautam Adani,5.4,189,49,Commodities
England,Mohammed Ibrahim,1.1,1075,65,Telacom
Taiwan,Barry Lam,3.7,296,62,Computers
USA,Laurene Powell Jobs & family,9,100,48,Computers
Ukraine,Petro Poroshenko,1,1153,46,confectionery
China,Liu Canglong,1,1153,57,Construction
Australia,Leonard Buckeridge,1.25,1014,76,Construction
Egypt,Nassef Sawiris,5.1,199,51,Construction
India,Benu Gopal Bangur,1.1,1075,80,Construction
Ireland,Pallonji Mistry,9.7,96,82,Construction
Netherlands,Ralph Sonnenberg,1.4,913,77,Construction
Russia,Ziyad Manasir,2.1,601,46,Construction
Russia,Mikhail Balakin,1.9,683,50,Construction
Russia,Lev Kvetnoi,1.8,719,46,Construction
Russia,Elena Baturina,1.1,1075,49,Construction
Spain,Alicia Koplowitz,2.1,601,57,Construction
Spain,Esther Koplowitz,1.6,804,58,Construction
Spain,Florentino Perez,1.6,804,65,Construction
Switzerland,Thomas Schmidheiny,4.2,255,66,Construction
Turkey,Sarik Tara,2.3,546,81,Construction
Turkey,Ali Ibrahim Agaoglu,2.1,601,58,Construction
Turkey,Erman Ilicak,2,634,44,Construction
Turkey,Mehmet Sinan Tara,1.1,1075,53,Construction
USA,Alfred James Clark,1.8,719,84,Construction
England,Anthony Bamford & family,2.2,578,66,Construction
Russia,Filaret Galchev,4.4,242,48,Construction
Russia,Andrei Molchanov,1.7,764,40,Construction
Lebanon,Saad Hariri,1.7,764,41,Construction
Lebanon,Ayman Hariri,1.3,960,33,Construction
Lebanon,Fahd Hariri,1.3,960,31,Construction
France,Martin & Olivier Bouygues,3,377,0,"construction, media"
USA,Dennis Washington,5,205,77,"construction, mining"
Russia,Arkady Rotenberg,1,1153,60,"construction, pipes, banking"
Egypt,Onsi Sawiris,2.9,401,82,"construction, telecom"
USA,Walter Scott Jr,1.8,719,80,"construction, telecom"
Brazil,Joao Alves de Queiroz Filho,1.7,764,59,Consumer Goods
Japan,Ryoichi Jinnai,1.4,913,85,"consumer lending, agriculture"
China,Hui Lin Chit,2.1,601,59,Consumer Goods
China,Sze Man Bok,2.1,601,62,Consumer Goods
USA,Leandro Rizzuto,1.8,719,73,Consumer Goods
Portugal,Americo Amorim,4.4,242,77,"cork, investments"
Brazil,Antonio Luiz Seabra,2.9,401,69,Beauty Products
Brazil,Guilherme Peirao Leal,1.6,804,61,Beauty Products
Germany,Sylvia Stroher,1.9,683,57,Beauty Products
South Korea,Suh Kyungn.a.Bae,1.5,854,49,Beauty Products
Canada,Emanuele (Lino) Saputo,3.7,296,75,Food & Drinks
USA,Jerry Jones,2,634,69,Sports
USA,Michael Dell,15.9,41,47,Computers
Switzerland,Thomas Straumann,1,1153,48,dental implants
Russia,Samvel Karapetyan,1.6,804,46,development
England,Laurence Graff,2.6,464,73,Luxury
Israel,Lev Leviev,1.7,764,56,Luxury
South Africa,Nicky Oppenheimer & family,6.8,139,66,Luxury
USA,Stanley Hubbard,2,634,78,Media
USA,Thomas Peterffy,5.4,189,67,Brokerage
USA,Charles Schwab,3.5,314,74,Brokerage
USA,Bruce Halle,4.2,255,81,Brokerage
USA,Jeff Bezos,18.4,26,48,Distribution
USA,Richard DeVos,5,205,86,Distribution
USA,Martha Ingram & family,2.8,418,76,Distribution
Kuwait,Jassim Aln.a.Kharafi,1.2,1015,0,Diversified
Brazil,Antonio Ermirio de Moraes & family,12.2,67,83,Diversified
Canada,James & Arthur Irving,5,205,0,Diversified
Canada,Jim Pattison,4.3,248,83,Diversified
China,Lu Zhiqiang,3,377,59,Diversified
China,Chen Fashu,2.7,442,51,Diversified
China,Sun Guangxin,2.7,442,49,Diversified
China,Lu Guanqiu,2.6,464,67,Diversified
China,Guangchang Guo,2.4,521,45,Diversified
China,Zhang Hongwei,1.9,683,57,Diversified
China,Shi Yuzhu,1.8,719,49,Diversified
China,Zhu Yicai,1.8,719,47,Diversified
China,Song Zuowen,1.6,804,65,Diversified
China,Zhou Furen,1.6,804,54,Diversified
China,Zan Shengda,1.5,854,48,Diversified
China,Wong Luen Hei,1.4,913,50,Diversified
China,Larry Yung,1.1,1075,70,Diversified
Egypt,Mohamed Mansour,1.7,764,64,Diversified
Egypt,Yasseen Mansour,1.6,804,50,Diversified
Egypt,Youssef Mansour,1.5,854,66,Diversified
Germany,Albert von Thurn und Taxis,1.5,854,28,Diversified
India,Anil Ambani,7.8,118,52,Diversified
India,Shashi & Ravi Ruia,7,133,68,Diversified
India,Adi Godrej & family,2.4,521,69,Diversified
India,Jamshyd Godrej,2.4,521,63,Diversified
India,Rishad Naoroji,2.4,521,60,Diversified
India,Rajan Raheja & family,2.1,601,57,Diversified
Indonesia,Sukanto Tanoto,2.8,418,62,Diversified
Indonesia,Chairul Tanjung,2,634,49,Diversified
Indonesia,Murdaya Poo,1.5,854,71,Diversified
Indonesia,Tahir,1.3,960,60,Diversified
Kuwait,Bassam Alghanim,1.6,804,60,Diversified
Kuwait,Kutayba Alghanim,1.6,804,66,Diversified
Kuwait,Fawzi Aln.a.Kharafi,1.2,1015,0,Diversified
Kuwait,Mohannad Aln.a.Kharafi,1.2,1015,0,Diversified
Malaysia,Robert Kuok,12.4,64,88,Diversified
Malaysia,Quek Leng Chan,4.2,255,68,Diversified
Malaysia,Syed Mokhtar AlBukhary,3.3,344,60,Diversified
Malaysia,Yeoh Tiong Lay & family,2.6,464,82,Diversified
Malaysia,Vincent Tan,1.2,1015,60,Diversified
Philippines,Henry Sy & family,8,116,87,Diversified
Philippines,Lucio Tan & family,3.5,314,77,Diversified
Philippines,Andrew Tan,2.1,601,59,Diversified
Philippines,Roberto Ongpin,1,1153,75,Diversified
Saudi Arabia,Saleh Kamel,1.7,764,70,Diversified
South Korea,Chey Taen.a.Won,2.1,601,51,Diversified
South Korea,Lee Jayn.a.Hyun,1,1153,52,Diversified
Sweden,Antonia Johnson,6.5,146,68,Diversified
Taiwan,Douglas Hsu,1.3,960,69,Diversified
Turkey,Semahat Sevim Arsel,2.6,464,83,Diversified
Turkey,Mustafa Rahmi Koc,2.5,491,81,Diversified
Turkey,Suna Kirac,2.2,578,70,Diversified
Turkey,Ahmet Nazif Zorlu,1.4,913,67,Diversified
Turkey,Bacaksiz Sezai,1.1,1075,62,Diversified
Turkey,Nihat Ozdemir,1.1,1075,61,Diversified
Turkey,Mehmet Hattat,1,1153,66,Diversified
Turkey,Mustafa Vehbi Koc,1,1153,51,Diversified
Turkey,Sevket Sabanci,1,1153,75,Diversified
Turkey,Suzan Sabanci Dincer,1,1153,47,Diversified
Turkey,Turgay Ciner,1,1153,56,Diversified
United Arab Emirates,Saif Al Ghurair & family,2,634,0,Diversified
USA,Charles Koch,25,12,76,Diversified
USA,David Koch,25,12,71,Diversified
USA,Len Blavatnik,11.9,72,54,Diversified
USA,Joan Tisch,2.6,464,86,Diversified
USA,Wilma Tisch,1.5,854,84,Diversified
USA,Charles Munger,1,1153,88,Diversified
USA,Ray Dolby,2.6,464,79,Dolby Laboratories
USA,David Murdock,2.7,442,88,"Dole, Real Estate"
USA,Stewart Rahr,1.3,960,66,drug distribution
Mexico,Joaquin Guzman Loera,1,1153,54,drug trafficking
USA,Pierre Omidyar,6.7,141,44,Internet
USA,Jeffrey Skoll,2.9,401,47,Internet
USA,Meg Whitman,1.4,913,55,Internet
USA,Charles Ergen,8.3,106,59,Manufacturing
China,Yu Minhong,1.05,1152,50,Education
Japan,Soichiro Fukutake,1.5,854,66,Education
Sweden,Bertil Hult,3,377,71,Education
USA,John Sperling,1.2,1015,91,Education
USA,Peter Sperling,1.2,1015,52,Education
Brazil,Antonio Jose Carneiro,1.1,1075,68,Energy
China,Jiang Bin,1.6,804,45,Electronics
China,Lin Xiucheng & family,1.1,1075,56,Electronics
India,Venugopal Dhoot,1.3,960,60,Electronics
Japan,Tetsuro Funai,1,1153,85,Electronics
South Korea,Koo Bonn.a.Neung,1.1,1075,63,Electronics
Taiwan,Terry Gou,5.5,184,61,Electronics
Taiwan,Jason Chang,1.8,719,0,Electronics
Taiwan,Michael Chiang,1.1,1075,59,Electronics
Finland,Antti Herlin,2,634,55,Manufacturing
Argentina,Carlos and Alejandro Bulgheroni,5.1,199,0,Energy
Australia,Chris Wallin,1.3,960,0,Energy
China,Wang Yusuo & family,2.2,578,48,Energy
Czech Republic,Zdenek Bakala,1.9,683,51,Energy
Indonesia,Low Tuck Kwong,3.6,304,63,Energy
Indonesia,Kiki Barki,1.7,764,72,Energy
Indonesia,Edwin Soeryadjaya,1.4,913,63,Energy
Indonesia,Garibaldi Thohir,1.2,1015,46,Energy
Indonesia,Theodore Rachmat,1.1,1075,68,Energy
Russia,Leonid Mikhelson,11.9,72,56,Energy
Russia,Andrey Melnichenko,10.8,81,40,Energy
Russia,Oleg Deripaska,8.8,104,44,Energy
Russia,Andrei Guriev,3.5,314,52,Energy
Russia,Viktor Nusenkis,2.4,521,58,Energy
Russia,Vladimir Gridin & family,2,634,56,Energy
Russia,Anatoly Skurov,1.8,719,59,Energy
Russia,Igor Makarov,1.5,854,49,Energy
Russia,Mikhail Fedyaev,1,1153,49,Energy
Turkey,Ahmet Calik,1.3,960,54,Energy
Turkey,Ali Metin Kazanci,1.3,960,77,Energy
USA,Christopher Cline,1.5,854,54,Energy
USA,Robert McNair,1.5,854,75,Energy
USA,Joseph Craft III & family,1.4,913,61,Energy
USA,Manoj Bhargava,1.3,960,0,Energy
USA,Jim Justice II,1.2,1015,60,Energy
USA,Aubrey McClendon,1.1,1075,52,Energy
USA,William Moncrief Jr,1.1,1075,91,Energy
Germany,Otto Happel,2.9,401,64,Engineering
USA,Riley Bechtel,2.8,418,60,Engineering
USA,Stephen Bechtel Jr,2.8,418,86,Engineering
India,Gautam Thapar,1.4,913,51,Engineering
USA,Jack Taylor & family,10.4,84,89,Automotive
USA,Sheldon Adelson,24.9,14,78,Entertaiment
USA,Kirk Kerkorian,3.3,344,94,Entertaiment
USA,Steve Wynn,2.5,491,70,Entertaiment
USA,Phillip Ruffin,2.4,521,77,Entertaiment
Russia,Oleg Boyko,1.1,1075,47,Entertaiment
Canada,Guy Laliberte,2.6,464,52,Entertainment
China,Chen Tianqiao,1.1,1075,39,Entertaiment
USA,Leonard Lauder,7.1,131,79,Beauty Products
USA,Ronald Lauder,3.4,330,68,Beauty Products
Italy,Leonardo Del Vecchio,11.5,74,76,Manufacturing
USA,Mark Zuckerberg,17.5,35,27,Internet
USA,Dustin Moskovitz,3.5,314,27,Internet
USA,Sean Parker,2.1,601,32,Internet
USA,Eduardo Saverin,2,634,30,Internet
Italy,Giorgio Armani,7.2,127,77,Fashion
Italy,Carlo Benetton,2.1,601,68,Fashion
Italy,Gilberto Benetton,2.1,601,70,Fashion
Italy,Luciano Benetton,2.1,601,76,Fashion
Italy,Giuliana Benetton,2.1,601,74,"Fashion "
Germany,Reinhold Wurth,5.2,196,76,High Tech
USA,Frederick Smith,2.1,601,67,Distribution
Germany,August von Finck,7.8,118,82,Finance
USA,Abigail Johnson,10.3,85,50,Finance
USA,Edward Johnson III,5.8,173,81,Finance
Australia,Kerr Neilson,2.1,601,62,Finance
Australia,David Hains,2,634,81,Finance
Australia,Michael Hintze,1.4,913,58,Finance
Brazil,Lirio Parisotto,2.1,601,58,Finance
Canada,Paul Desmarais,4.3,248,85,Finance
Canada,Eric Sprott,1.1,1075,67,Finance
Canada,Gerald Schwartz,1,1153,70,Finance
Chile,Sebastian Pinera,2.4,521,62,Finance
China,Lin Li,1.4,913,48,Finance
France,Vincent Bollore,1.6,804,59,Finance
France,Marc Ladreit de Lacharriere,1,1153,71,Finance
Georgia,Bidzina Ivanishvili,6.4,153,56,Finance
India,Rakesh Jhunjhunwala,1.1,1075,51,Finance
Ireland,Dermot Desmond,1.5,854,61,Finance
New Zealand,Graeme Hart,5.7,178,56,Finance
New Zealand,Richard Chandler,4.6,230,53,Finance
New Zealand,Christopher Chandler,1,1153,52,Finance
Peru,Carlos Rodriguezn.a.Pastor,2,634,52,Finance
Poland,Michal Solowow,1.8,719,49,Finance
Poland,Leszek Czarnecki,1.3,960,50,Finance
Russia,Mikhail Prokhorov,13.2,58,46,Finance
Russia,Suleiman Kerimov,6.5,146,46,Finance
Russia,Leonid Simanovsky,1.2,1015,62,Finance
Russia,Megdet Rahimkulov,1.2,1015,66,Finance
Russia,Nikolai Maximov & family,1.2,1015,54,Finance
Russia,Alexander Lebedev,1.1,1075,52,Finance
Russia,Vladimir Gruzdev,1,1153,45,Finance
Saudi Arabia,Prince Alwaleed Bin Talal Alsaud,18,29,57,Finance
Saudi Arabia,Mohammed Al Issa,2.2,578,87,Finance
Singapore,Peter Lim,1.7,764,58,Finance
Spain,Juan Abello,2,634,70,Finance
Spain,Alberto Alcocer,1,1153,69,Finance
Spain,Alberto Cortina,1,1153,66,Finance
Sweden,Melker Schorling,3,377,64,Finance
Sweden,Thomas Sandell,1.1,1075,51,Finance
Switzerland,Stephan Schmidheiny,2.7,442,64,Finance
Taiwan,Tsai Wann.a.tsai & family,6.5,146,82,Finance
Taiwan,T.Y. Tsai,2.2,578,0,Finance
Turkey,Husnu Ozyegin,3,377,67,Finance
England,David & Simon Reuben,9,100,69,Finance
England,Joe Lewis,3.8,290,75,Finance
England,Mark Coombs,2.4,521,51,Finance
England,Alan Howard,2,634,48,Finance
England,David Harding,1.3,960,50,Finance
England,Peter Cruddas,1.3,960,58,Finance
England,Peter Hargreaves,1.3,960,65,Finance
USA,George Soros,20,22,81,Finance
USA,John Paulson,12.5,61,56,Finance
USA,James Simons,10.7,82,73,Finance
USA,Ray Dalio,10,88,62,Finance
USA,Harold Simmons,9,100,80,Finance
USA,Steve Cohen,8.3,106,56,Finance
USA,Philip Anschutz,7,133,72,Finance
USA,Eli Broad,6.3,157,78,Finance
USA,Stephen Schwarzman,5.5,184,65,Finance
USA,Ira Rennert,5.4,189,77,Finance
USA,David Tepper,5.1,199,54,Finance
USA,Robert Rowling,4.8,221,58,Finance
USA,Bruce Kovner,4.5,232,67,Finance
USA,Charles Johnson,4.5,232,79,Finance
USA,Daniel Ziff,4.2,255,40,Finance
USA,Dirk Ziff,4.2,255,47,Finance
USA,Robert Ziff,4.2,255,45,Finance
USA,Paul Tudor Jones II,3.4,330,57,Finance
USA,Edward Lampert,3.1,367,49,Finance
USA,David Shaw,3,377,60,Finance
USA,John Arnold,3,377,38,Finance
USA,Ken Griffin,3,377,43,Finance
USA,Warren Stephens,2.7,442,55,Finance
USA,Daniel Och,2.6,464,51,Finance
USA,Julian Robertson Jr,2.5,491,80,Finance
USA,Stanley Druckenmiller,2.5,491,58,Finance
USA,H. Wayne Huizenga,2.3,546,74,Finance
USA,Israel Englander,2.3,546,63,Finance
USA,Michael Milken,2.3,546,65,Finance
USA,Nicolas Berggruen,2.3,546,50,Finance
USA,Peter Kellogg,2.3,546,69,Finance
USA,Bill Gross,2.2,578,67,Finance
USA,George Lindemann & family,2.2,578,76,Finance
USA,Henry Hillman,2.2,578,93,Finance
USA,Wilbur Ross Jr,2.2,578,74,Finance
USA,Leon G. Cooperman,2,634,68,Finance
USA,Thomas Kaplan,1.8,719,49,Finance
USA,Glenn Dubin,1.7,764,54,Finance
USA,Joseph Mansueto,1.7,764,55,Finance
USA,Clemmie Spangler Jr,1.6,804,79,Finance
USA,David Gottesman,1.6,804,85,Finance
USA,James Dinan,1.6,804,52,Finance
USA,Noam Gottesman,1.6,804,50,Finance
USA,Kenneth Langone,1.5,854,76,Finance
USA,Michael Price,1.5,854,59,Finance
USA,Stephen Mandel Jr,1.5,854,56,Finance
USA,Herbert Allen Jr & family,1.4,913,72,Finance
USA,Louis Bacon,1.4,913,53,Finance
USA,Marc Lasry,1.3,960,51,Finance
USA,Richard Scaife,1.3,960,79,Finance
USA,Thomas Steyer,1.3,960,54,Finance
USA,Vinod Khosla,1.3,960,57,Finance
USA,C. Dean Metropoulos,1.2,1015,65,Finance
USA,Daniel Loeb,1.2,1015,50,Finance
USA,Henry Swieca,1.2,1015,54,Finance
USA,Mark Stevens,1.2,1015,52,Finance
USA,David Einhorn,1.1,1075,43,Finance
USA,Jim Breyer,1.1,1075,50,Finance
USA,Nelson Peltz,1.1,1075,69,Finance
USA,Philip Falcone,1.1,1075,49,Finance
USA,Richard Chilton Jr,1.1,1075,53,Finance
USA,Thomas Bailey,1.1,1075,75,Finance
USA,Thomas Barrack,1.1,1075,64,Finance
USA,William Macaulay,1.1,1075,66,Finance
USA,Paul Singer,1,1153,67,Finance
USA,Peter Peterson,1,1153,85,Finance
USA,Robert Agostinelli,1,1153,58,Finance
USA,Chase Coleman,1.1,1075,36,"Finance "
USA,Albert Ueltschi,1.9,683,94,Aviation
USA,Charlotte Colket Weber,1.2,1015,69,Food & Drinks
Argentina,Gregorio Perez Companc,1.5,854,77,Food & Drinks
Brazil,Jorge Paulo Lemann,12,69,72,Food & Drinks
Brazil,Marcel Herrmann Telles,5.7,178,62,Food & Drinks
Brazil,Carlos Alberto Sicupira,5.2,196,64,Food & Drinks
Brazil,Francisco Ivens de Sa Dias Branco,3.8,290,77,Food & Drinks
China,Zong Qinghou,6.5,146,66,Food & Drinks
China,Chanchai Ruayrungruang,1,1153,58,Food & Drinks
Colombia,Alejandro Santo Domingo Davila,9.5,97,35,Food & Drinks
France,Pierre Bellon & family,3.4,330,82,Food & Drinks
Germany,Michael Herz,4.5,232,68,Food & Drinks
Germany,Wolfgang Herz,4.5,232,61,Food & Drinks
Germany,Axel Oberwelland,2.5,491,45,Food & Drinks
Germany,Gunter Herz,2.5,491,71,Food & Drinks
Germany,Thomas Bruch,2.4,521,61,Food & Drinks
Germany,Daniela Herz,2.3,546,58,Food & Drinks
Germany,Hans Riegel,2.3,546,89,Food & Drinks
Germany,Ingeburg Herz,1.3,960,90,Food & Drinks
Ireland,John Dorrance III,2.4,521,68,Food & Drinks
Italy,Michele Ferrero & family,19,23,85,Food & Drinks
Netherlands,Charlene de Carvalhon.a.Heineken,7.7,120,57,Food & Drinks
Philippines,Eduardo Cojuangco,1.3,960,76,Food & Drinks
Russia,Gavril Yushvaev,1.2,1015,54,Food & Drinks
Taiwan,Tsai Engn.a.Meng,6.2,161,55,Food & Drinks
Taiwan,Wei Ingn.a.Chou,1.7,764,59,Food & Drinks
Taiwan,Wei Yingn.a.Chiao,1.7,764,57,Food & Drinks
Taiwan,Wei Yinn.a.Chun,1.7,764,55,Food & Drinks
Taiwan,Wei Yinn.a.Heng,1.7,764,53,Food & Drinks
Thailand,Dhanin Chearavanont & family,7,133,72,Food & Drinks
Thailand,Charoen Sirivadhanabhakdi,5.5,184,67,Food & Drinks
Thailand,Chaleo Yoovidhya,5,205,80,Food & Drinks
Turkey,Murat Ulker,2.8,418,52,Food & Drinks
Turkey,Kamil Yazici,1.8,719,83,Food & Drinks
Turkey,Mustafa Latif Topbas,1.4,913,68,Food & Drinks
Turkey,Tuncay Ozilhan,1.4,913,64,Food & Drinks
Turkey,Ahsen Ozokur,1.3,960,61,Food & Drinks
USA,Forrest Mars Jr,13.8,52,80,Food & Drinks
USA,Jacqueline Mars,13.8,52,72,Food & Drinks
USA,John Mars,13.8,52,75,Food & Drinks
USA,Donna MacMillan,3.3,344,79,Food & Drinks
USA,Gwendolyn Sontheim Meyer,3.3,344,50,Food & Drinks
USA,Pauline MacMillan Keinath,3.3,344,78,Food & Drinks
USA,Whitney MacMillan,3.3,344,83,Food & Drinks
USA,Mary Alice Dorrance Malone,2.3,546,62,Food & Drinks
USA,J. Christopher Reyes,2.1,601,58,Food & Drinks
USA,Jude Reyes,2.1,601,56,Food & Drinks
USA,Bennett Dorrance,1.8,719,66,Food & Drinks
USA,Austen Cargill II,1.6,804,61,Food & Drinks
USA,James Cargill II,1.6,804,62,Food & Drinks
USA,Marianne Liebmann,1.6,804,58,Food & Drinks
Venezuela,Lorenzo Mendoza & family,3.4,330,46,Food & Drinks
England,Bernard Ecclestone & family,2.8,418,81,Formula One
USA,Rupert Johnson Jr,4.4,242,70,Franklin Resources
Singapore,Sam Goi,1.2,1015,63,Food & Drinks
USA,Robert Rich Jr,2.1,601,71,Food & Drinks
Australia,James Packer,4.7,223,44,Gaming
Japan,Kunio Busujima & family,5.9,169,86,Gaming
Japan,Han Changn.a.Woo & family,3.1,367,81,Gaming
Japan,Kazuo Okada & family,1.8,719,69,Gaming
Japan,Hajime Satomi,1.1,1075,70,Gaming
Austria,Johann Graf,5.3,193,65,Gaming
USA,Gordon Getty,2,634,78,Energy
Greece,Aristotelis Mistakidis,2.8,418,50,Mining
Spain,Daniel Mate,2.8,418,48,Mining
England,Alex Beard,2.1,601,44,Mining
USA,Tor Peterson,2.4,521,47,Mining
Japan,Eitaro Itoyama,2.9,401,69,Leasure
Canada,David Cheriton,1.3,960,60,Internet
Germany,Andreas von Bechtolsheim,2.3,546,56,Internet
USA,Larry Page,18.7,24,39,Internet
USA,Sergey Brin,18.7,24,38,Internet
USA,Eric Schmidt,6.9,138,56,Internet
USA,Eric Lefkofsky,2.9,401,42,Internet
Sweden,Stefan Persson,26,8,64,Retail
Sweden,Liselott Persson,3.6,304,62,Retail
USA,John Paul DeJoria,4,276,68,Beauty Products
Brazil,Dulce Pugliese de Godoy Bueno,2,634,64,Health Care
USA,Thomas Frist Jr & family,3.2,358,73,Health Care
USA,Judy Faulkner,1.7,764,68,health IT
Brazil,Edson de Godoy Bueno,2.2,578,68,Health Care
Germany,Bernard Broermann,2.1,601,68,Health Care
India,Malvinder & Shivinder Singh,3.5,314,39,Health Care
USA,William Randolph Hearst III,2.3,546,62,Hearst Corp
USA,Austin Hearst,1.9,683,59,Hearst Corp
USA,David Hearst Jr,1.9,683,66,Hearst Corp
USA,George Hearst Jr,1.9,683,84,Hearst Corp
USA,Phoebe Hearst Cooke,1.9,683,85,Hearst Corp
Germany,Martin Viessmann,1.6,804,58,heating equipment
Ireland,Martin Naughton,2,634,72,heating equipment
Indonesia,Achmad Hamami & family,2.2,578,81,Heavy Equipment
South Korea,Chung Mongn.a.Joon,2.5,491,60,heavy industry
USA,Henry Ross Perot Sr,3.5,314,81,High Tech
USA,Henry Ross Perot Jr,1.4,913,53,High Tech
USA,John Brown,1.2,1015,77,High Tech
USA,Jon Stryker,1.2,1015,53,High Tech
USA,Darwin Deason,1.1,1075,71,High Tech
USA,James Clark,1,1153,68,High Tech
USA,John Morgridge,1,1153,78,High Tech
USA,David Green,4,276,70,Hobby Lobby
USA,Bernard Marcus,2.3,546,82,Home Depot
USA,Arthur Blank,1.4,913,69,Home Depot
Brazil,Rubens Menin Teixeira de Souza,1.8,719,56,homebuilding
USA,Tilman Fertitta,1.5,854,54,hospitality
Australia,Paul Ramsay,1.7,764,76,Hospitals
Norway,Petter Stordalen,1.2,1015,49,Leisure
Spain,Gabriel Escarrer,1,1153,77,Leisure
USA,Richard Marriott,1.7,764,73,Leisure
USA,Bill Marriott Jr,1.6,804,80,Leisure
USA,Elaine Wynn,1.4,913,68,Leisure
USA,Karen Pritzker,3.1,367,54,Leisure
USA,Anthony Pritzker,2.6,464,51,Leisure
USA,Jay Robert (J.B.) Pritzker,2.6,464,47,Leisure
USA,Thomas Pritzker,2.2,578,61,Leisure
USA,Jean (Gigi) Pritzker,1.9,683,50,Leisure
USA,John Pritzker,1.8,719,59,Leisure
USA,Penny Pritzker,1.8,719,52,Leisure
USA,Daniel Pritzker,1.7,764,53,Leisure
USA,Linda Pritzker,1.6,804,58,Leisure
USA,James Pritzker,1.5,854,60,Leisure
USA,Nicholas Pritzker II,1.3,960,68,Leisure
USA,Barbara Carlson Gage,2.5,491,69,"hotels, restaurants"
USA,Marilyn Carlson Nelson,2.5,491,72,"hotels, restaurants"
Taiwan,Cher Wang & Wenchi Chen,4,276,54,HTC
South Korea,Chung Mongn.a.Koo,6.2,161,74,Automotive
South Korea,Chung Euin.a.Sun,2.8,418,41,Automotive
USA,Barry Diller,1.6,804,70,IAC/InterActiveCorp
Sweden,Ingvar Kamprad & family,3,377,85,Ikea
USA,James Irsay,1.4,913,52,Indianapolis Colts
India,Shiv Nadar,5,205,66,Internet
USA,David Sun,2.8,418,60,Internet
USA,John Tu,2.8,418,71,Internet
India,G. M. Rao,1.9,683,61,Construction
Brazil,Lia Maria Aguiar,1.1,1075,0,Inheritance
Israel,Idan Ofer,6.2,161,56,Inheritance
Israel,Eyal Ofer,5.8,173,61,Inheritance
Monaco,Lily Safra,1.2,1015,74,Inheritance
Argentina,Maria Ines de Lafuente Lacroze,1.2,1015,67,Inheritance
Peru,Eduardo Hochschild,2.2,578,48,Inheritance
Brazil,Jayme Garfinkel & family,1.8,719,65,Insurance
Germany,Rolf Gerling,1.6,804,57,Insurance
Italy,Ennio Doris & family,1.3,960,71,Insurance
Russia,Nikolai Sarkisov,1.2,1015,43,Insurance
Russia,Sergei Sarkisov,1.2,1015,52,Insurance
Russia,Sergei Tsikalyuk,1,1153,53,Insurance
South Korea,Shin Changn.a.Jae,1.9,683,58,Insurance
USA,Warren Buffett,44,3,81,Insurance
USA,George Joseph,1.2,1015,90,Insurance
USA,Peter Lewis,1.2,1015,78,Insurance
USA,Patrick Ryan,1.1,1075,74,Insurance
USA,Gordon Moore,4.9,216,83,High Tech
China,Zhu Xingliang,1.4,913,52,Construction
China,Ma Huateng,4.7,223,40,Internet
China,William Ding,2.8,418,40,Internet
China,Jack Ma,2.7,442,47,Internet
China,Zhang Zhidong,1.8,719,40,Internet
France,Xavier Niel,4.5,232,44,Internet
Germany,Ralph Dommermuth,1.8,719,48,Internet
USA,Jerry Yang,1.2,1015,43,Internet
USA,Scott Cook,1.4,913,59,Software
China,Ke Xiping & family,1.2,1015,51,investments
Russia,Alexander Mamut,2.1,601,52,investments
Belgium,Albert Frere,3.6,304,86,investments
Indonesia,Peter Sondakh,2.6,464,60,investments
USA,Barbara Piasecka Johnson,3.2,358,75,Pharmaceutical
France,Liliane Bettencourt,24,15,89,Beauty Products
China,He Qiaonv & family,1.1,1075,46,Construction
Russia,Valentin Gapontsev & family,1.1,1075,73,High Tech
USA,Joe Jamail Jr,1.5,854,86,Lawsuits
Israel,Shari Arison,3.9,288,54,Leisure
USA,Micky Arison,4.7,223,62,Leisure
Denmark,Kjeld Kirk Kristiansen,6,166,64,Manufacturing
USA,John Edson,1,1153,79,Leisure
USA,Carl Icahn,14,50,76,Finance
USA,Ronald Perelman,12,69,69,Finance
USA,Henry Kravis,4,276,68,Finance
USA,George Roberts,3.6,304,68,Finance
USA,Daniel D'Aniello,2.8,418,65,Finance
USA,David Rubenstein,2.8,418,62,Finance
USA,William Conway Jr,2.8,418,62,Finance
USA,David Bonderman,1.9,683,69,Finance
USA,James Coulter,1.9,683,52,Finance
USA,Joshua Harris,1.6,804,47,Finance
USA,Jonathan Nelson,1.5,854,55,Finance
USA,Marc Rowan,1.5,854,50,Finance
USA,Thomas Lee,1.4,913,67,Finance
South Korea,Koo Bonn.a.Moo,1.8,719,67,High Tech
USA,Reid Hoffman,1.8,719,44,Internet
Canada,Charles Bronfman,2,634,80,Food & Drinks
India,Vijay Mallya,1,1153,56,Food & Drinks
Australia,Lindsay Fox,1.6,804,74,Logistics
Russia,Vagit Alekperov,13.5,56,61,Energy
Russia,Leonid Fedun,6.5,146,55,Energy
Canada,Chip Wilson,2.9,401,55,Fashion
South Africa,Johann Rupert & family,5.1,199,61,Luxury Goods
France,Bernard Arnault,41,4,63,Diversified
Spain,Isak Andic & family,4.8,221,58,Fashion
China,Liang Wengen,8.1,113,55,Manufacturing
China,Wei Jianjun & family,2.3,546,48,Manufacturing
China,Wang Chuanfu,1.9,683,46,Manufacturing
China,Li Shufu,1.5,854,48,Manufacturing
China,Lu Xiangyang,1.4,913,49,Manufacturing
China,Tang Xiuguo,1.2,1015,48,Manufacturing
China,Fang Wei,1.1,1075,38,Manufacturing
China,Mao Zhongwu,1.1,1075,49,Manufacturing
China,Xiang Wenbo,1.1,1075,49,Manufacturing
China,Wen Yibo & family,1,1153,46,Manufacturing
Germany,Susanne Klatten,13,59,49,Manufacturing
Germany,Stefan Quandt,11.2,76,45,Manufacturing
Germany,Johanna Quandt,10,88,85,Manufacturing
Germany,Friedhelm Loh,2.6,464,65,Manufacturing
Germany,Marian.a.Elisabeth & Georg Schaeffler,2,634,0,Manufacturing
Germany,Siegfried Meister,1.9,683,74,Manufacturing
Germany,Peter Unger,1.3,960,67,Manufacturing
Taiwan,Wu Chungn.a.Yi,1,1153,53,Manufacturing
USA,Mitchell Rales,3.7,296,55,Manufacturing
USA,Steven Rales,3.3,344,60,Manufacturing
USA,Shahid Khan,2.5,491,62,Manufacturing
USA,Michael Heisley Sr,1.9,683,75,Manufacturing
USA,William Ford Sr,1.2,1015,87,Manufacturing
USA,Roger Penske,1.1,1075,75,Manufacturing
USA,Jack Dangermond,2.2,578,66,Software
USA,Isaac Perlmutter,1.9,683,69,Media
Colombia,Woods Staton,1.7,764,62,Food & Drinks
Argentina,Eduardo Eurnekian,1.8,719,78,Media
Australia,Kerry Stokes,2,634,71,Media
Canada,David Thomson & family,17.5,35,54,Media
Germany,Elizabeth Mohn & family,3.5,314,71,Media
Germany,Yvonne Bauer & family,2,634,34,Media
India,Kalanithi Maran,2.6,464,46,Media
India,Indu Jain,2.2,578,75,Media
India,Subhash Chandra,1.8,719,61,Media
Indonesia,Hary Tanoesoedibjo,1.3,960,46,Media
Italy,Silvio Berlusconi & family,5.9,169,75,Media
Mexico,Emilio Azcarraga Jean,2,634,44,Media
Thailand,Krit Ratanarak,1.2,1015,65,Media
Turkey,Aydin Dogan,1.1,1075,75,Media
England,David & Frederick Barclay,3.2,358,78,Media
USA,Michael Bloomberg,22,20,70,Media
USA,Anne Cox Chambers,12.5,61,92,Media
USA,Samuel Newhouse Jr,7.1,131,84,Media
USA,Donald Newhouse,6.4,153,82,Media
USA,Blair Parryn.a.Okeden,6.3,157,61,Media
USA,Jim Kennedy,6.3,157,64,Media
USA,John Malone,5.1,199,71,Media
USA,Patrick McGovern,3.5,314,74,Media
USA,Charles Dolan & family,2.6,464,85,Media
USA,Amos Hostetter Jr,2.4,521,75,Media
USA,Ted Turner,2,634,73,Media
USA,Gary Magness,1.6,804,58,Media
USA,Todd Wagner,1.2,1015,51,Media
Venezuela,Gustavo Cisneros & family,4.2,255,66,Media
Denmark,Niels Peter Louisn.a.Hansen,1.5,854,64,Manufacturing
Switzerland,Hansjorg Wyss,8.1,113,77,Manufacturing
USA,Gayle Cook,3.4,330,78,Manufacturing
USA,James Leininger,1.1,1075,66,Manufacturing
USA,Gary Michelson,1.4,913,63,Manufacturing
USA,Ronda Stryker,2.5,491,57,High Tech
USA,Pat Stryker,1.5,854,55,High Tech
China,Liu Zhongtian,2,634,48,Mining
China,Zhang Shiping & family,3.5,314,65,Mining
China,Huang Zelan,1.3,960,56,Mining
Russia,Vladimir Potanin,14.5,46,51,Mining
Russia,Igor Altushkin,1.6,804,41,Mining
Russia,Andrei Kozitsyn,1.2,1015,51,Mining
Russia,Alexander Nesis,3.1,367,49,Mining
Russia,Vasily Anisimov,3.4,330,60,Mining
Japan,Shigenobu Nagamori,2,634,67,Manufacturing
USA,Bill Gates,61,2,56,Software
USA,Steve Ballmer,15.7,44,56,Software
USA,Paul Allen,14.2,48,59,Software
Australia,Georgina Rinehart,18,29,58,Mining
Australia,Andrew Forrest,5.8,173,50,Mining
Australia,Angela Bennett & Michael Wright,2.3,546,0,Mining
Belgium,Patokh Chodiev,2.8,418,59,Mining
Brazil,Eike Batista,30,7,55,Mining
Chile,Iris Fontbona & family,17.8,32,69,Mining
Chile,Roberto Angelini Rossi,1.2,1015,63,Mining
China,Feng Hailiang,1,1153,51,Mining
India,Anil Agarwal,3.5,314,58,Mining
Israel,Beny Steinmetz,5.9,169,55,Mining
Israel,Alexander Machkevich,2.8,418,58,Mining
Kazakhstan,Vladimir Kim,3.5,314,51,Mining
Kazakhstan,Alijan Ibragimov,2.8,418,58,Mining
Kazakhstan,Bulat Utemuratov,1.5,854,0,Mining
Mexico,Alberto Bailleres Gonzalez & family,16.5,38,80,Mining
Mexico,German Larrea Mota Velasco & family,14.2,48,58,Mining
Russia,Iskander Makhmudov,8.2,110,48,Mining
Russia,Alexander Frolov,2.4,521,47,Mining
South Africa,Patrice Motsepe,2.7,442,50,Mining
USA,Robert Friedland,2.3,546,61,Mining
Germany,Vladimir Iorich,1.6,804,53,"Mining "
England,John Caudwell,2.6,464,59,Telecom
England,Charles Dunstone,1,1153,48,Telecom
Canada,Stephen Jarislowsky,1.6,804,86,Finance
USA,Ken Fisher,1.7,764,61,Finance
USA,Bruce Karsh,1.5,854,57,Finance
USA,Howard Marks,1.5,854,65,Finance
USA,Charles Brandes,1.3,960,69,Finance
USA,Ron Baron,1.5,854,68,Finance
India,Brijmohan Lall Munjal,2.9,401,88,Manufacturing
India,Rahul Bajaj,1.8,719,73,Manufacturing
USA,Steven Spielberg,3,377,65,Entertainment
USA,David Geffen,5.5,184,69,Entertainment
USA,Terrence Pegula,3.1,367,61,Energy
USA,Rodney Lewis,2.8,418,58,Energy
USA,Dan Wilks,1.4,913,55,Energy
USA,Farris Wilks,1.4,913,60,Energy
USA,Min Kao,2.3,546,63,Manufacturing
USA,Gary Burrell,1.4,913,74,navigation equipment
USA,Jim Davis & family,1.9,683,68,Apparel
USA,Robert Kraft,1.7,764,70,Sports
Israel,Arnon Milchan,3.8,290,67,Entertainment
USA,Alan Gerry,1.2,1015,82,Media
USA,Thomas Secunda,1.2,1015,57,Media
USA,Rupert Murdoch,8.3,106,81,Media
USA,Phil Knight,14.4,47,74,Fashion
Japan,Hiroshi Yamauchi,2.5,491,84,Manufacturing
India,Ajay Kalsi,2.1,601,0,Energy
Russia,Vladimir Bogdanov,2.9,401,60,Energy
USA,Jeffrey Hildebrand,5.3,193,53,Energy
USA,Kenneth Adams Jr,1.1,1075,89,Energy
Canada,Clayton Riddell,3,377,74,Energy
Canada,N. Murray Edwards,1.6,804,52,Energy
Russia,Gennady Timchenko,9.1,99,59,Energy
USA,Harold Hamm,11,78,66,Energy
USA,Trevor Reesn.a.Jones,3.6,304,60,Energy
USA,George Mitchell,2.2,578,92,Energy
USA,George Kaiser,10,88,69,Energy
USA,Lynn Schusterman,3.5,314,73,Energy
USA,Timothy Headington,2.7,442,61,Energy
USA,Evgeny (Eugene) Shvidler,1.4,913,48,Energy
USA,T. Boone Pickens,1.4,913,83,Energy
Russia,Alexander Dzhaparidze,1.8,719,56,Energy
England,Ayman Asfari,1.8,719,53,Energy
Switzerland,Jean Claude Gandur,2,634,63,Energy
Russia,Mikhail Fridman,13.4,57,47,Energy
Russia,German Khan,8.5,105,50,Energy
Russia,Alexei Kuzmichev,6.7,141,49,Energy
Russia,Pyotr Aven,4.3,248,57,Energy
Saudi Arabia,Mohammed Al Amoudi,12.5,61,67,Energy
USA,William Koch,4,276,71,Energy
USA,Robert Bass,3.6,304,64,Energy
USA,Lee Bass,2.1,601,55,Energy
USA,Sid Bass,2.1,601,69,Energy
USA,Edward Bass,1.5,854,67,Energy
Russia,Viktor Vekselberg,12.4,64,54,Energy
Russia,Mikhail Gutseriev,6.7,141,54,Energy
USA,Ray Lee Hunt,5,205,69,Energy
Romania,Dinu Patriciu,1.5,854,61,Energy
USA,John Catsimatidis,2,634,63,Energy
USA,Robert Holding,2.6,464,85,Energy
Russia,Andrei Kosogov,1.2,1015,51,Energy
USA,Alexander Knaster,1.4,913,53,Energy
South Korea,Kim Jungn.a.Ju & family,3.3,344,44,Internet
South Korea,Kim Tackn.a.Jin,1.4,913,45,Internet
USA,Mark Pincus,1.8,719,46,Internet
USA,Mark Cuban,2.3,546,53,Internet
Japan,Hiroshi Mikitani,6.2,161,47,Internet
Japan,Yusaku Maezawa,1.1,1075,36,Internet
Germany,Guenther Fielmann,2.6,464,72,Manufacturing
USA,Larry Ellison,36,6,67,Software
USA,Bharat Desai,1.4,913,59,Finance
USA,Stephen Bisciotti,1.4,913,51,Finance
Sweden,Birgit Rausing & family,14,50,88,Manufacturing
Sweden,Hans Rausing,10,88,86,Manufacturing
India,Ashwin Dani,1.1,1075,69,Art
Indonesia,Martua Sitorus,3,377,52,Food & Drinks
Malaysia,Lee Shin Cheng,5.2,196,73,Food & Drinks
Singapore,Kuok Khoon Hong,3.5,314,62,Food & Drinks
Chile,"Eliodoro, Bernardo & Patricia Matte",10.2,86,0,Manufacturing
China,Yan Cheung,1,1153,55,Manufacturing
Brazil,Liu Ming Chung,1,1153,49,Manufacturing
USA,Tom Golisano,1.5,854,70,Software
USA,Peter Thiel,1.5,854,44,Internet
USA,David Duffield,1.3,960,71,Software
Japan,Keiichiro Takahara,3.1,367,81,Cosmetics
USA,Clayton Mathile,1.8,719,71,Manufacturing
China,Li Shuirong,2.3,546,55,Chemicals
Taiwan,Liao Longn.a.Shing,1.5,854,0,Chemicals
Taiwan,Suhon Lin,1.5,854,84,Chemicals
Taiwan,Tseng Shinn.a.yi,1.5,854,84,Chemicals
India,Mukesh Ambani,22.3,19,54,Chemicals
China,Que Wenbin & family,1,1153,48,Pharmaceuticals
Canada,Bernard (Barry) Sherman,3.7,296,70,Pharmaceuticals
China,Ma Xingtian & family,1.5,854,43,Pharmaceuticals
China,Li Li,1.4,913,48,Pharmaceuticals
China,Wu Yiling & family,1.4,913,62,Pharmaceuticals
China,Li Tan,1.1,1075,47,Pharmaceuticals
China,Xiu Laigui,1.1,1075,57,Pharmaceuticals
China,Sun Piaoyang,1,1153,53,Pharmaceuticals
China,Xu Jingren & family,1,1153,67,Pharmaceuticals
France,Alain Merieux & family,3.7,296,74,Pharmaceuticals
Germany,Curt Engelhorn,6.6,144,85,Pharmaceuticals
Germany,Ludwig Merckle,5.1,199,47,Pharmaceuticals
Germany,Andreas Strungmann,3.3,344,62,Pharmaceuticals
Germany,Thomas Strungmann,3.3,344,62,Pharmaceuticals
India,Dilip Shanghvi,7.4,124,56,Pharmaceuticals
India,Pankaj Patel,2.2,578,59,Pharmaceuticals
India,Desh Bandhu Gupta,2.1,601,74,Pharmaceuticals
India,Ajay Piramal,1.4,913,56,Pharmaceuticals
India,K. Anji Reddy,1.4,913,70,Pharmaceuticals
Italy,Stefano Pessina,2.6,464,70,Pharmaceuticals
USA,Patrick Soonn.a.Shiong,7.2,127,60,Pharmaceuticals
USA,Randal Kirk,2.4,521,58,Pharmaceuticals
USA,Phillip Frost,2.3,546,75,Pharmaceuticals
USA,Michael Jaharis,1.9,683,83,Pharmaceuticals
Turkey,Bulent Eczacibasi,1.2,1015,62,Pharmaceuticals
Turkey,Faruk Eczacibasi,1.1,1075,57,Pharmaceuticals
Canada,Daryl Katz,2,634,50,Retail
Canada,Jean Coutu,1.6,804,84,Retail
India,Yusuf Hamied,1.1,1075,75,Pharmaceuticals
China,Fan Zhaoxia & family,1,1153,44,High Tech
USA,Richard Kinder,8.2,110,67,Energy
USA,Dannine Avara,4.1,270,48,Energy
USA,Milane Frantz,4.1,270,42,Energy
USA,Randa Williams,4.1,270,50,Energy
USA,Scott Duncan,4.1,270,29,Energy
USA,Kelcy Warren,2.3,546,56,Energy
USA,Ray Davis,1.5,854,70,Energy
Italy,Paolo & Gianfelice Mario Rocca,6,166,0,Energy
USA,Michael & Marian Ilitch,2.4,521,82,Food & Drinks
Taiwan,Wang Yungn.a.tsai,3.2,358,91,Chemicals
Israel,Teddy Sagi,1.2,1015,40,Internet
USA,Herbert Kohler Jr & family,2.2,578,73,Manufacturing
Indonesia,Sri Prakash Lohia,2,634,59,Manufacturing
Thailand,Aloke Lohia,1.9,683,53,Manufacturing
Russia,Alexander Ponomarenko,1.7,764,47,Finance
Russia,Alexander Skorobogatko,1.7,764,44,Finance
Philippines,Enrique Razon Jr,1.9,683,52,Finance
Russia,Andrei Filatov,1.3,960,40,Finance
Russia,Konstantin Nikolaev,1.3,960,41,Finance
Russia,Nikita Mishin,1.3,960,40,Finance
China,Fu Guangming & family,1.2,1015,58,Food & Drinks
Russia,Konstantin Grigorishin,1.3,960,46,Energy
Russia,Mikhail Abyzov,1.3,960,39,Energy
Italy,Miuccia Prada,6.8,139,62,Fashion
Italy,Patrizio Bertelli,3.7,296,66,Fashion
USA,Glen Taylor,1.8,719,70,Manufacturing
USA,Leon Black,3.4,330,60,Finance
USA,Tom Gores,2.4,521,47,Finance
USA,Alec Gores,1.9,683,59,Finance
Germany,Friede Springer,3,377,69,Media
Germany,Monika Schoeller,2,634,73,Media
Germany,Stefan von Holtzbrinck,2,634,48,Media
Germany,Hubert Burda,1.3,960,72,Media
England,Richard Desmond,1.6,804,60,Media
USA,Irwin Jacobs,1.4,913,78,High Tech
USA,Daniel Gilbert,1.5,854,50,Finance
USA,Billy Joe (Red) McCombs,1.4,913,84,Media
USA,Ralph Lauren,7.5,122,72,Beauty Products
Australia,Harry Triguboff,4,276,79,Real Estate
Australia,Stanley Perron,1.5,854,89,Real Estate
Brazil,Elie Horn,1.9,683,66,Real Estate
Canada,Carlo Fidani,2,634,57,Real Estate
Canada,Mitchell Goldhar,1.5,854,51,Real Estate
China,Hui Ka Yan,5.8,173,53,Real Estate
China,Wu Yajun & family,5.7,178,48,Real Estate
China,Yang Huiyan,4.7,223,30,Real Estate
China,Wang Jianlin,4,276,57,Real Estate
China,Zhang Xin & family,2.7,442,46,Real Estate
China,Huang Rulun,2.6,464,60,Real Estate
China,Chan Laiwa & family,2.3,546,71,Real Estate
China,Huang Wei,2,634,52,Real Estate
China,Tong Jinquan,1.6,804,57,Real Estate
China,Zhang Li,1.6,804,59,Real Estate
China,Yan Zhi,1.2,1015,39,Real Estate
China,Geng Jianming,1.1,1075,49,Real Estate
China,Huang Hongyun & family,1.1,1075,45,Real Estate
China,Wang Wenxue,1.1,1075,44,Real Estate
China,Zhang Guiping & family,1,1153,60,Real Estate
France,Alain Taravella,1,1153,64,Real Estate
Germany,Alexandra Schorghuber,2.2,578,53,Real Estate
India,Kushal Pal Singh,6.4,153,80,Real Estate
India,Chandru Raheja,1.7,764,71,Real Estate
India,Vikas Oberoi,1.5,854,41,Real Estate
India,Mangal Prabhat Lodha,1,1153,56,Real Estate
Israel,Yitzhak Tshuva,1.9,683,63,Real Estate
Japan,Akira Mori & family,3.5,314,75,Real Estate
Japan,Katsumi Tada,2,634,66,Real Estate
Japan,Minoru Mori,1.9,683,77,Real Estate
Morocco,Miloud Chaabi,2.9,401,83,Real estate
Morocco,Anas Sefrioui,1.6,804,54,Real estate
Norway,Olav Thon,5,205,88,Real Estate
Russia,God Nisanov,2.4,521,39,Real Estate
Russia,Zarakh Iliev,2.4,521,45,Real Estate
Singapore,Zhong Sheng Jian,1.4,913,54,Real Estate
Spain,Manuel Jove,2.6,464,70,Real Estate
Spain,Enrique Banuelos,1.5,854,46,Real Estate
Taiwan,Lin Yun.a.lin,3,377,76,Real Estate
Taiwan,Lin Rong San,2.8,418,72,Real Estate
Taiwan,Chao Tengn.a.Hsiung,1.8,719,68,Real Estate
England,Gerald Cavendish Grosvenor & family,11,78,60,Real Estate
England,Charles Cadogan & family,4.6,230,75,Real Estate
England,Eddie & Sol Zakay,3,377,61,Real Estate
England,Ian & Richard Livingstone,3,377,0,Real Estate
England,Hawken Xiu Li,1.7,764,49,Real Estate
England,John Whittaker,1.7,764,70,Real Estate
England,Nadhmi Auchi,1.5,854,74,Real Estate
USA,Donald Bren,12,69,79,Real Estate
USA,Richard LeFrak & family,5,205,66,Real Estate
USA,Leonard Stern,4.2,255,73,Real Estate
USA,John A. Sobrato & family,3.4,330,72,Real Estate
USA,Ted Lerner,3.3,344,86,Real Estate
USA,Stephen Ross,3.1,367,71,Real Estate
USA,Igor Olenicoff,2.6,464,69,Real Estate
USA,Alfred Taubman,2.5,491,88,Real Estate
USA,Edward Roski Jr,2.1,601,73,Real Estate
USA,Neil Bluhm,2,634,74,Real Estate
USA,Richard Peery,1.9,683,73,Real Estate
USA,Sheldon Solow,1.9,683,83,Real Estate
USA,Herbert Simon,1.8,719,77,Real Estate
USA,John Arrillaga,1.8,719,74,Real Estate
USA,Jerry Speyer,1.7,764,71,Real Estate
USA,Donald Sterling,1.5,854,76,Real Estate
USA,Leon Charney,1.3,960,70,Real estate
USA,Alan Casden,1.2,1015,66,Real Estate
USA,Alexander Spanos & family,1.1,1075,88,Real Estate
USA,Bernard Saul II,1.1,1075,79,Real Estate
USA,Carl Berg,1.1,1075,74,Real Estate
USA,Denise York,1,1153,61,Real Estate
Cyprus,Suat Gunsel,1,1153,59,Real Estate
USA,Richard Rainwater,2.3,546,67,Real Estate
Saudi Arabia,Mohamed Bin Issa Al Jaber,7,133,53,Real Estate
Sweden,Fredrik Lundberg,2.7,442,60,Real Estate
USA,Jeff Greene,2.1,601,57,Real Estate
USA,George Argyros,1.8,719,75,Real Estate
Lebanon,Bahaa Hariri,2.5,491,45,Real Estate
USA,Mortimer Zuckerman,2.3,546,74,Real Estate
USA,Sam Zell,4.9,216,70,Real Estate
United Arab Emirates,Majid Al Futtaim,1.1,1075,0,Real Estate
Germany,Georg von Opel,1.9,683,45,Real Estate
England,Clive Calder,2.4,521,65,Media
Austria,Dietrich Mateschitz,5.3,193,67,Food & Drinks
Australia,Solomon Lew,1.1,1075,67,Retail
Austria,Karl Wlaschek,4.7,223,94,Retail
Austria,Heidi Horten,3.2,358,71,Retail
Belize,Huang Maoru & family,1.1,1075,46,Retail
Brazil,Abilio dos Santos Diniz,3.6,304,75,Retail
Brazil,Nevaldo Rocha & family,2.5,491,83,Retail
Canada,Galen Weston & family,7.6,121,71,Retail
Canada,Robert Miller,2.5,491,66,Retail
Canada,Lawrence Stroll,1.8,719,52,Retail
Chile,Horst Paulmann & family,9.3,98,77,Retail
China,Zhang Jindong,4.5,232,48,Retail
China,Qiu Guanghe & family,3.3,344,60,Retail
China,Zhou Chengjian,3.3,344,46,Retail
China,Shen Guojun,1.6,804,49,Retail
China,Che Jianxin,1.3,960,45,Retail
China,Huang Shaowu,1.1,1075,41,Retail
Denmark,Lars Larsen,3.6,304,63,Retail
France,Francois Pinault & family,13,59,75,Retail
Germany,Karl Albrecht,25.4,10,92,Retail
Germany,Berthold & Theo Jr. Albrecht,17.8,32,0,Retail
Germany,Karln.a.Heinz Kipp,5,205,88,Retail
Germany,Erivan Haub & family,4,276,79,Retail
Germany,Otto Beisheim,3.3,344,88,Retail
Germany,Michael & Rainer Schmidtn.a.Ruthenbeck,2.3,546,0,Retail
India,Micky Jagtiani,3.8,290,60,Retail
Indonesia,Djoko Susanto,1,1153,62,Retail
Italy,Diego Della Valle,1.2,1015,58,Retail
Japan,Tadashi Yanai & family,10,88,63,Retail
Japan,Masahiro Miki,2.6,464,56,Retail
Japan,Masatoshi Ito,2.5,491,87,Retail
Japan,Akio Nitori,1.2,1015,68,Retail
Japan,Nobutoshi Shimamura & family,1,1153,86,Retail
Mexico,Jeronimo Arango & family,4,276,86,Retail
Norway,Stein Erik Hagen & family,2.7,442,55,Retail
Portugal,Eliseo Alexandre Soares dos Santos & family,2.5,491,77,Retail
Portugal,Belmiro de Azevedo,1,1153,74,Retail
Russia,Sergei Galitsky,4.9,216,44,Retail
South Korea,Shin Dongn.a.Bin,1.8,719,57,Retail
South Korea,Shin Dongn.a.Joo,1.7,764,58,Retail
South Korea,Lee Myungn.a.Hee,1.6,804,68,Retail
South Korea,Chung Yongn.a.Jin,1,1153,43,Retail
St. Kitts and Nevis,Jacky Xu,1.6,804,0,Retail
England,Philip & Cristina Green,4.2,255,60,Retail
England,Robert Miller,1.5,854,0,Retail
England,David Sainsbury,1.1,1075,71,Retail
USA,John Menard Jr,4.5,232,72,Retail
USA,Leslie Wexner,4.3,248,74,Retail
USA,Jin Sook & Do Won Chang,4,276,57,Retail
USA,Roger Wang,4,276,63,Retail
USA,Doris Fisher,2.3,546,80,Retail
USA,John Fisher,2,634,50,Retail
USA,William Fisher,1.3,960,54,Retail
USA,Robert Fisher,1.2,1015,58,Retail
USA,Sidney Kimmel,1.2,1015,84,Retail
USA,Kevin Plank,1.1,1075,39,Retail
USA,Michael Krasny,1.1,1075,58,Retail
USA,Richard Hayne,1.1,1075,64,Retail
USA,Sara Blakely,1,1153,41,Retail
USA,William Kellogg,1,1153,68,Retail
Russia,Maxim Nogotkov,1,1153,35,Retail
Mexico,Ricardo Salinas Pliego & family,17.4,37,56,Retail
Germany,Michael Otto & family,17.6,34,68,Retail
Russia,Aras Agalarov,1.6,804,56,Retail
Egypt,Mohamed Al Fayed,1.3,960,79,Retail
South Africa,Christoffel Wiese,3.1,367,70,Retail
China,Wong Kwong Yu & family,2,634,42,Retail
USA,Diane Hendricks,2.8,418,65,Construction
Norway,Arne Wilhelmsen & family,1.6,804,81,Leisure
USA,Christopher Goldsbury,1.3,960,69,Food & Drinks
South Korea,Lee Kunn.a.Hee,8.3,106,70,High Tech
South Korea,Jay Y. Lee,3.6,304,43,High Tech
South Korea,Lee Boon.a.Jin,1.2,1015,41,High Tech
South Korea,Ran.a.Hee Hong Lee,1.2,1015,66,High Tech
South Korea,Lee Seon.a.Hyun,1,1153,39,High Tech
Germany,Hasso Plattner,7.2,127,68,Software
Germany,Dietmar Hopp,5.5,184,71,Software
Germany,Klaus Tschira,2.9,401,71,Software
Germany,Hansn.a.Werner Hector,1.6,804,72,Software
USA,James Goodnight,7.3,125,69,Software
USA,John Sall,3.7,296,63,Software
USA,Helen Johnsonn.a.Leipold,2.5,491,55,Chemicals
USA,H. Fisk Johnson,2.5,491,53,Chemicals
USA,Imogene Powers Johnson,2.5,491,82,Chemicals
USA,S. Curtis Johnson,2.5,491,56,Chemicals
USA,Winnie Johnsonn.a.Marquart,2.5,491,52,Chemicals
Sweden,Gustaf Douglas,2.8,418,74,Manufacturing
England,Michael Ashcroft,1,1153,66,Manufacturing
USA,Tamara Gustavson,2.7,442,50,Construction
USA,Bradley Hughes,1.9,683,78,Construction
Taiwan,Tsai Mingn.a.kai,1.2,1015,0,High Tech
USA,Henry Samueli,1.8,719,57,High Tech
USA,Henry Nicholas III,1.4,913,52,High Tech
Japan,Takemitsu Takizaki,3.5,314,66,High Tech
Austria,Helmut Sohmen,1.4,913,72,Transportation
Cyprus,John Fredriksen,11.3,75,67,Transportation
Germany,Klausn.a.Michael Kuhne,9.8,95,74,Transportation
Turkey,Mubariz Gurbanoglu,1,1153,44,Transportation
Norway,Kjell Inge Rokke,2.1,601,53,Transportation
Germany,Heinzn.a.Horst Deichmann,4.1,270,85,Manufacturing
Italy,Mario Moretti Polegato,1.8,719,59,Manufacturing
Italy,Andrea Della Valle,1.1,1075,46,Manufacturing
Brazil,Jose Isaac Peres,1.5,854,70,Retail
USA,Edward DeBartolo Jr,2.3,546,65,Retail
Australia,Frank Lowy & family,4.4,242,81,Retail
Australia,John Gandel,3.2,358,77,Retail
Canada,David Azrieli & family,2.9,401,89,Retail
USA,S. Daniel Abraham,1.7,764,87,Food & Drinks
Japan,Yoshikazu Tanaka,4.3,248,35,Internet
Russia,Yuri Milner,1,1153,50,Internet
Japan,Masayoshi Son,7.2,127,54,Banking
India,Azim Premji,15.9,41,66,Software
India,N.R. Narayana Murthy & family,1.7,764,65,Software
India,Senapathy Gopalakrishnan & family,1.5,854,56,Software
India,Nandan Nilekani & family,1.4,913,56,Software
India,K. Dinesh & family,1,1153,57,Software
Israel,Gil Shwed,1.9,683,44,Software
Israel,Marius Nacht,1.2,1015,46,Software
Israel,Morris Kahn,1,1153,82,Software
Switzerland,Walter Haefner,4.3,248,101,Software
USA,Marc Benioff,2,634,47,Software
USA,Romesh T. Wadhwani,2,634,64,Software
China,Zhu Gongshan,2.1,601,54,High Tech
USA,Victor Fung & family,3.7,296,66,Finance
USA,William Connor II,1.4,913,62,Finance
USA,Dan Snyder,1.1,1075,47,Sports
USA,Jeffrey Lurie,1.1,1075,60,Sports
USA,John Henry,1.1,1075,62,Sports
USA,Tom Benson,1.1,1075,84,Sports
USA,Jeremy Jacobs Sr,2,634,72,Sports
England,Michael Ashley,2.5,491,52,Sports
USA,Malcolm Glazer & family,2.7,442,83,Sports
USA,Stanley Kroenke,3.2,358,64,Sports
USA,David Rockefeller Sr,2.5,491,96,Energy
USA,George Lucas,3.2,358,67,Media
USA,Howard Schultz,1.5,854,58,Food & Drinks
Brazil,Dorothea Steinbruch & family,4.5,232,0,Mining
China,Shen Wenrong,1.5,854,66,Mining
China,Zhang Zhixiang,1.1,1075,45,Mining
India,Lakshmi Mittal,20.7,21,61,Mining
India,Savitri Jindal & family,10.9,80,62,Mining
India,Brij Bhushan Singal,1.3,960,75,Mining
Russia,Viktor Rashnikov,5.6,183,63,Mining
Russia,Andrei Skoch,4.2,255,46,Mining
Russia,Igor Zyuzin,3.1,367,51,Mining
Russia,Andrei Klyamko,1.9,683,50,Mining
Russia,Vadim Novinsky,1.9,683,48,Mining
Spain,Jose Maria Aristrain,1.1,1075,49,Mining
Russia,Anatoly Sedykh,2,634,47,Mining
Russia,Dmitry Pumpyansky,2,634,48,Mining
Ukraine,Victor Pinchuk,4.2,255,51,Mining
Ukraine,Rinat Akhmetov,16,39,45,Mining
Russia,Alexei Mordashov,15.3,45,46,Mining
Russia,Roman Abramovich,12.1,68,45,Mining
Russia,Alexander Abramov,5.4,189,53,Mining
Russia,Alisher Usmanov,18.1,28,58,Mining
Russia,Vladimir Lisin,15.9,41,55,Mining
USA,Fred DeLuca,2.5,491,64,Food & Drinks
USA,Peter Buck,2.5,491,81,Food & Drinks
Brazil,Rubens Ometto Silveira Mello,2.7,442,62,Food & Drinks
Nigeria,Aliko Dangote,11.2,76,54,Food & Drinks
USA,James Jannard,3,377,62,Retail
Spain,Juan Roig,4.7,223,62,Retail
USA,Charles Butt & family,6.4,153,74,Retail
USA,Hank & Doug Meijer,4.9,216,0,Retail
USA,Ron Burkle,3.2,358,59,Retail
China,Robin Li,10.2,86,43,High Tech
Nigeria,Mike Adenuga,4.3,248,58,Telecom
Egypt,Naguib Sawiris,3.1,367,57,Telecom
India,Sunil Mittal & family,8.1,113,54,Telecom
India,Bhupendra Kumar Modi,1,1153,63,Telecom
Ireland,Denis O'Brien,5,205,53,Telecom
Lebanon,Najib Mikati,3,377,56,Telecom
Lebanon,Taha Mikati,3,377,67,Telecom
Mexico,Carlos Slim Helu & family,69,1,72,Telecom
Russia,Vladimir Yevtushenkov,6,166,63,Telecom
Turkey,Murat Vargi,1,1153,64,Telecom
USA,Craig McCaw,1.6,804,62,Telecom
China,Ren Zhengfei,1,1153,68,Telecom
Turkey,Mehmet Emin Karamehmet,2.9,401,67,Telecom
Russia,Gleb Fetisov,1.3,960,45,Telecom
Poland,Jan Kulczyk,2.7,442,62,Telecom
USA,Kenny Troutt,1.2,1015,64,Telecom
Malaysia,Ananda Krishnan,9.9,93,73,Telecom
USA,Haim Saban,2.9,401,67,Media
USA,Oprah Winfrey,2.7,442,58,Media
USA,A. Jerrold Perenchio,2.3,546,81,Media
USA,Edmund Ansin,1.3,960,76,Media
USA,Donald Trump,2.9,401,65,Media
France,Philippe Forieln.a.Destezet,2.4,521,76,Diversified
Netherlands,Frits Goldschmeding,2.8,418,78,Diversified
USA,Elon Musk,2,634,40,High Tech
China,Ma Jianrong & family,1.2,1015,48,Manufacturing
Malaysia,Tiong Hiew King,1.5,854,77,timber
USA,Archie Aldis Emmerson,2.6,464,82,"timberland, lumber mills"
China,Niu Yishun,1,1153,57,Manufacturing
Taiwan,Luo Jye & family,3,377,86,Manufacturing
USA,Brad Kelley,1.7,764,55,Manufacturing
Russia,Igor Kesaev,1.8,719,45,Manufacturing
Indonesia,Michael Hartono,6.3,157,72,Manufacturing
Israel,Stef Wertheimer & family,4.2,255,86,Manufacturing
Turkey,Mehmet Nazif Gunal,1,1153,64,Leisure
USA,Thomas Friedkin,1.6,804,76,Automotive
Taiwan,Chang Yung Fa & family,1.9,683,84,Transportation
Russia,Dmitry Kamenshchik,1,1153,43,Transportation
USA,Manuel Moroun & family,1.5,854,84,Transportation
Russia,Valery Kogan,1.6,804,61,Trasportation
USA,Steven Udvarn.a.Hazy,3.4,330,66,Trasportation
Switzerland,Sergio Mantegazza,2.3,546,84,Leisure
USA,Johnelle Hunt,1.6,804,80,Trasportation
Netherlands,John de Mol,2,634,57,Media
Netherlands,Joop van den Ende,1.3,960,70,Media
Poland,Zygmunt Solorzn.a.Zak,2.5,491,55,Media
USA,Robert Pera,1.5,854,34,Internet
Canada,Ronald Southern,1.2,1015,81,Energy
England,James Dyson,4.2,255,64,Manufacturing
USA,Gabe Newell,1.5,854,49,Software
USA,John Doerr,2.4,521,60,Finance
USA,Michael Moritz,1.7,764,57,Finance
USA,Kavitark Ram Shriram,1.6,804,55,Finance
USA,Sumner Redstone,4.4,242,88,Media
England,Richard Branson,4.2,255,61,Diversified
USA,Christy Walton & family,25.3,11,57,Retail
USA,Jim Walton,23.7,16,64,Retail
USA,Alice Walton,23.3,17,62,Retail
USA,S. Robson Walton,23.1,18,68,Retail
USA,Ann Walton Kroenke,3.9,288,63,Retail
USA,Nancy Walton Laurie,3.4,330,60,Retail
USA,Drayton McLane Jr,2,634,75,Retail
USA,Bob Parsons,1.5,854,61,Internet
Germany,Aloys Wobben,2.3,546,60,Energy
USA,David Filo,1.3,960,45,Internet
Spain,Amancio Ortega,37.5,5,75,Finance
Spain,Rosalia Mera,4.5,232,68,Apparel
